{"filter":false,"title":"data.json","tooltip":"/data.json","undoManager":{"mark":1,"position":1,"stack":[[{"start":{"row":54,"column":35},"end":{"row":54,"column":36},"action":"remove","lines":["l"],"id":1},{"start":{"row":54,"column":34},"end":{"row":54,"column":35},"action":"remove","lines":["i"]},{"start":{"row":54,"column":33},"end":{"row":54,"column":34},"action":"remove","lines":["o"]}],[{"start":{"row":54,"column":33},"end":{"row":54,"column":34},"action":"insert","lines":["F"],"id":2},{"start":{"row":54,"column":34},"end":{"row":54,"column":35},"action":"insert","lines":["u"]},{"start":{"row":54,"column":35},"end":{"row":54,"column":36},"action":"insert","lines":["e"]},{"start":{"row":54,"column":36},"end":{"row":54,"column":37},"action":"insert","lines":["l"]}]]},"ace":{"folds":[],"scrolltop":0,"scrollleft":0,"selection":{"start":{"row":20,"column":6},"end":{"row":20,"column":6},"isBackwards":false},"options":{"guessTabSize":true,"useWrapMode":false,"wrapToView":true},"firstLineState":{"row":38,"state":"start","mode":"ace/mode/json"}},"timestamp":1670556988361,"hash":"06e8697dc11cec97fbb8fbeeb0f8a518632a3990"}